C0,16.351598
C#0,17.323914
D0,18.354048
Eb0,19.445436
E0,20.601722
F0,21.826764
F#0,23.124651
G0,24.499715
G#0,25.956544
A0,27.500000
Bb0,29.135235
B0,30.867706
C1,32.703196
C#1,34.647829
D1,36.708096
Eb1,38.890873
E1,41.203445
F1,43.653529
F#1,46.249303
G1,48.999429
G#1,51.913087
A1,55.000000
Bb1,58.270470
B1,61.735413
C2,65.406391
C#2,69.295658
D2,73.416192
Eb2,77.781746
E2,82.406889
F2,87.307058
F#2,92.498606
G2,97.998859
G#2,103.826174
A2,110.000000
Bb2,116.540940
B2,123.470825
C3,130.812783
C#3,138.591315
D3,146.832384
Eb3,155.563492
E3,164.813778
F3,174.614116
F#3,184.997211
G3,195.997718
G#3,207.652349
A3,220.000000
Bb3,233.081881
B3,246.941651
C4,261.625565
C#4,277.182631
D4,293.664768
Eb4,311.126984
E4,329.627557
F4,349.228231
F#4,369.994423
G4,391.995436
G#4,415.304698
A4,440.000000
Bb4,466.163762
B4,493.883301
C5,523.251131
C#5,554.365262
D5,587.329536
Eb5,622.253967
E5,659.255114
F5,698.456463
F#5,739.988845
G5,783.990872
G#5,830.609395
A5,880.000000
Bb5,932.327523
B5,987.766603
C6,1046.502261
C#6,1108.730524
D6,1174.659072
Eb6,1244.507935
E6,1318.510228
F6,1396.912926
F#6,1479.977691
G6,1567.981744
G#6,1661.218790
A6,1760.000000
Bb6,1864.655046
B6,1975.533205
C7,2093.004522
C#7,2217.461048
D7,2349.318143
Eb7,2489.015870
E7,2637.020455
F7,2793.825851
F#7,2959.955382
G7,3135.963488
G#7,3322.437581
A7,3520.000000
Bb7,3729.310092
B7,3951.066410
C8,4186.009045
C#8,4434.922096
D8,4698.636287
Eb8,4978.031740
E8,5274.040911
F8,5587.651703
F#8,5919.910763
G8,6271.926976
G#8,6644.875161
A8,7040.000000
Bb8,7458.620184
B8,7902.132820
